DIRECTORIO;Departamento;HorasTVEncendido
7121776;11;2
7121783;11;5
7122417;5;14
7122424;5;12
7122425;5;13
7122428;5;13
7122433;5;3
7122442;5;6
7122449;5;10
7122451;5;5
7122452;5;2
7122456;5;6
7122457;5;6
7122458;5;2
7123120;11;3
7123121;11;14
7123126;11;8
7123130;11;5
7123132;11;18
7123138;11;3
7123143;11;5
7123145;11;2
7123871;11;11
7123872;11;8
7123873;11;5
7123879;11;3
7123880;11;5
7123881;11;2
7123887;11;5
7123888;11;16
7123889;11;0
7123892;11;4
7123893;11;12
7123895;11;5
7124605;11;8
7124606;11;6
7124607;11;3
7124608;11;4
7124610;11;10
7124611;11;10
7124612;11;4
7124614;11;6
7124616;11;5
7124620;11;5
7124622;11;9
7124623;11;2
7124624;11;2
7124626;11;6
7124627;11;5
7124628;11;6
7124629;11;10
7124630;11;5
7124632;11;8
7124633;11;6
7124634;11;8
7124635;11;2
7124636;11;6
7124638;11;11
7124640;11;4
7124641;11;10
7124642;11;6
7124643;11;8
7124646;11;7
7124647;11;5
7124649;11;6
7124650;11;9
7124650;11;2
7125891;5;9
7125893;5;3
7125894;5;2
7125902;5;16
7125915;5;5
7125916;5;13
7125917;5;9
7125922;5;12
7125923;5;9
7125924;5;6
7125926;5;12
7125927;5;13
7125929;5;19
7125930;5;12
7125931;5;5
7125935;5;13
7125936;5;9
7125939;5;6
7125943;5;9
7125945;5;5
7125951;5;21
7125952;5;3
7125956;5;4
7125957;5;5
7125959;5;9
7125962;5;6
7125966;5;11
7125972;5;11
7125974;5;2
7125977;5;3
7125978;5;6
7125979;5;5
7125981;5;3
7125982;5;3
7126009;5;6
7126011;5;2
7126012;5;14
7126013;5;5
7126015;5;6
7126016;5;0
7127270;5;3
7127271;5;5
7127272;5;7
7127273;5;4
7127274;5;2
7127277;5;7
7127282;5;4
7127283;5;4
7127285;5;4
7127286;5;1
7127289;5;6
7128162;11;5
7128163;11;5
7128168;11;8
7128169;11;5
7128170;11;7
7128171;11;9
7128172;11;16
7128174;11;7
7128181;11;7
7128183;11;7
7128213;11;7
7128219;11;11
7128228;11;14
7128233;11;14
7128234;11;12
7128236;11;6
7128238;11;5
7128243;11;12
7128245;11;4
7128248;11;9
7128252;11;5
7128256;11;5
7128263;11;5
7128266;11;5
7130009;5;9
7130010;5;14
7130013;5;6
7130016;5;20
7130019;5;14
7130021;5;7
7130022;5;1
7130029;5;9
7130040;5;11
7130043;5;12
7130046;5;12
7130048;5;5
7130050;5;9
7130051;5;5
7130057;5;9
7130059;5;18
7130061;5;5
7130062;5;4
7130083;5;6
7130085;5;7
7130087;5;4
7130090;5;4
7130092;5;11
7130094;5;6
7130096;5;7
7130099;5;6
7130100;5;14
7130103;5;5
7130107;5;6
7130111;5;2
7130112;5;9
7130117;5;3
7130121;5;7
7130126;5;7
7130130;5;7
7130133;5;8
7130134;5;5
7130135;5;7
7131805;5;14
7131811;5;3
7131813;5;3
7131814;5;6
7131817;5;17
7131819;5;7
7131820;5;3
7131821;5;0
7131823;5;2
7131825;5;0
7131825;5;3
7131826;5;5
7131827;5;5
7131828;5;7
7131831;5;5
7131832;5;2
7131833;5;7
7131834;5;4
7131835;5;5
7131836;5;2
7131837;5;5
7131838;5;6
7131839;5;3
7131840;5;4
7131842;5;6
7131843;5;4
7131845;5;6
7131848;5;6
7131855;5;5
7131856;5;4
7131857;5;6
7131858;5;4
7131859;5;5
7131863;5;6
7131872;5;2
7131873;5;6
7131876;5;6
7131881;5;5
7131884;5;12
7131893;5;8
7131895;5;9
7131896;5;3
7131897;5;5
7131898;5;5
7131903;5;4
7131905;5;9
7131908;5;5
7131912;5;4
7131913;5;5
7131914;5;5
7131916;5;0
7131922;5;4
7132510;11;3
7132511;11;9
7132515;11;3
7132518;11;3
7132519;11;11
7132520;11;7
7132522;11;15
7132523;11;3
7132524;11;3
7132525;11;5
7132526;11;14
7132527;11;12
7132528;11;5
7132529;11;6
7132533;11;15
7132534;11;6
7132535;11;4
7132536;11;7
7132537;11;6
7132540;11;2
7132541;11;7
7132544;11;1
7132547;11;4
7132548;11;10
7132549;11;2
7132550;11;2
7132552;11;1
7132553;11;4
7132554;11;6
7132556;11;6
7132557;11;4
7132558;11;5
7132560;11;12
7132561;11;4
7132564;11;7
7132566;11;5
7132567;11;7
7132569;11;4
7132571;11;7
7132577;11;4
7132578;11;7
7132579;11;5
7132580;11;2
7132582;11;7
7132584;11;4
7132585;11;7
7132586;11;10
7132588;11;7
7132589;11;10
7132590;11;3
7132591;11;15
7132592;11;6
7132600;11;4
7132601;11;12
7132602;11;7
7132603;11;11
7132605;11;10
7132606;11;11
7132607;11;10
7132608;11;15
7132609;11;3
7132610;11;0
7132613;11;3
7132616;11;7
7132617;11;2
7132618;11;5
7132619;11;7
7132621;11;12
7132622;11;3
7132625;11;10
7132626;11;5
7132633;11;2
7132634;11;12
7132636;11;4
7132637;11;7
7132640;11;4
7132641;11;9
7132642;11;14
7132643;11;4
7132644;11;4
7132645;11;3
7132646;11;6
7132647;11;3
7132649;11;10
7132651;11;4
7132652;11;7
7132656;11;6
7132660;11;3
7132663;11;14
7132664;11;9
7132666;11;4
7132667;11;10
7132669;11;7
7132670;11;4
7133069;5;2
7133076;5;19
7133080;5;12
7133083;5;17
7133088;5;9
7133089;5;12
7136041;5;5
7136042;5;5
7136044;5;5
7136045;5;4
7136046;5;5
7136047;5;5
7136048;5;3
7136049;5;6
7136051;5;5
7136058;5;8
7136060;5;12
7136062;5;4
7136063;5;12
7136066;5;5
7136067;5;4
7136072;5;12
7136077;5;7
7136079;5;19
7136082;5;7
7136083;5;12
7136086;5;8
7136088;5;5
7136094;5;2
7136095;5;8
7136097;5;8
7136100;5;5
7136105;5;5
7136107;5;14
7136112;5;8
7136116;5;14
7136118;5;8
7136121;5;5
7136123;5;12
7136127;5;0
7136129;5;7
7136136;5;7
7136139;5;6
7136140;5;7
7136141;5;6
7136142;5;3
7136145;5;7
7136150;5;8
7136153;5;4
7136154;5;5
7136156;5;4
7136159;5;4
7136164;5;9
7136172;5;6
7136176;5;5
7138396;11;11
7138401;11;6
7138416;11;5
7138417;11;12
7138422;11;5
7138425;11;4
7138436;11;7
7138453;11;7
7138465;11;10
7138467;11;6
7138468;11;6
7138471;11;18
7138479;11;4
7138480;11;11
7138483;11;10
7138494;11;6
7138496;11;5
7138501;11;7
7140730;5;8
7140734;5;10
7140736;5;4
7140740;5;7
7140744;5;4
7140748;5;18
7140750;5;10
7140751;5;12
7140752;5;9
7140755;5;18
7140756;5;10
7140757;5;9
7140758;5;18
7140760;5;6
7140766;5;3
7140768;5;2
7142853;5;14
7142855;5;10
7142856;5;12
7142857;5;7
7143333;11;9
7143334;11;5
7143335;11;4
7143336;11;4
7143339;11;7
7143344;11;11
7143345;11;7
7143348;11;7
7143349;11;4
7143350;11;6
7143351;11;5
7143354;11;9
7143356;11;4
7143358;11;7
7143359;11;11
7143361;11;1
7143363;11;1
7143367;11;14
7143368;11;2
7143369;11;2
7143370;11;4
7143374;11;11
7143375;11;6
7143376;11;3
7143377;11;7
7143378;11;10
7143379;11;2
7143380;11;9
7143381;11;5
7143382;11;11
7143384;11;12
7143385;11;16
7143386;11;4
7143387;11;11
7143388;11;6
7143391;11;4
7143392;11;3
7143397;11;7
7143399;11;3
7143402;11;7
7143403;11;14
7143404;11;7
7143405;11;14
7143406;11;2
7143407;11;6
7143408;11;7
7143409;11;10
7143410;11;11
7143413;11;7
7143414;11;3
7143416;11;4
7143417;11;7
7143419;11;3
7143422;11;7
7143425;11;7
7143426;11;7
7143427;11;8
7143428;11;3
7143430;11;7
7143431;11;4
7143434;11;8
7143435;11;4
7143436;11;9
7143437;11;7
7143439;11;4
7143440;11;8
7143441;11;8
7143443;11;8
7143444;11;7
7143448;11;14
7143449;11;10
7143451;11;8
7143453;11;6
7143455;11;7
7143457;11;8
7143458;11;6
7143460;11;7
7143462;11;5
7143463;11;1
7143464;11;9
7143465;11;14
7143469;11;10
7143470;11;14
7143471;11;3
7143472;11;8
7143473;11;10
7143474;11;5
7143476;11;5
7143477;11;8
7143479;11;1
7143480;11;11
7143484;11;5
7143486;11;14
7143488;11;7
7143489;11;6
7143490;11;2
7143491;11;5
7143493;11;11
7143495;11;4
7143497;11;6
7143499;11;19
7143500;11;11
7143501;11;5
7143502;11;5
7143503;11;8
7143505;11;3
7143506;11;5
7143507;11;11
7143508;11;9
7143511;11;2
7143513;11;3
7143514;11;8
7143515;11;6
7143516;11;2
7143517;11;5
7143519;11;8
7143521;11;8
7143522;11;7
7143523;11;4
7143524;11;3
7143525;11;1
7143526;11;8
7143527;11;8
7143528;11;5
7143529;11;16
7143530;11;6
7143531;11;2
7143532;11;5
7143533;11;3
7143535;11;11
7143536;11;11
7143537;11;9
7143539;11;10
7143541;11;5
7143542;11;1
7143544;11;14
7143545;11;12
7143546;11;16
7143547;11;12
7143550;11;2
7143551;11;4
7143552;11;8
7143553;11;8
7143554;11;1
7143557;11;5
7143559;11;3
7143560;11;7
7143561;11;5
7143563;11;5
7143564;11;6
7143565;11;8
7143566;11;11
7143568;11;1
7143569;11;12
7143570;11;3
7143571;11;2
7143572;11;6
7143574;11;4
7143575;11;14
7143576;11;8
7143577;11;14
7143584;11;4
7143585;11;4
7143587;11;6
7143589;11;5
7143590;11;6
7143591;11;6
7143593;11;3
7143594;11;4
7143596;11;4
7143599;11;11
7143601;11;5
7143604;11;6
7143606;11;7
7143610;11;10
7143614;11;7
7143616;11;6
7143617;11;0
7143618;11;12
7143620;11;7
7143621;11;5
7143623;11;7
7143624;11;1
7143627;11;6
7143628;11;14
7143629;11;6
7143631;11;6
7143632;11;9
7143633;11;0
7143634;11;9
7143635;11;0
7143638;11;11
7143639;11;20
7143640;11;1
7143641;11;2
7143642;11;5
7143643;11;2
7144022;5;3
7144023;5;8
7144027;5;5
7144028;5;3
7144030;5;3
7144033;5;6
7144034;5;6
7144036;5;8
7144037;5;3
7144039;5;3
7144041;5;8
7144042;5;5
7144917;11;0
7144918;11;7
7144925;11;2
7144926;11;1
7144929;11;5
7144932;11;11
7144933;11;9
7144937;11;7
7144938;11;8
7144939;11;5
7144941;11;4
7144942;11;5
7144944;11;5
7144945;11;6
7144946;11;2
7144948;11;2
7144955;11;5
7144965;11;4
7144984;11;4
7145013;11;4
7146835;5;2
7146839;5;3
7146840;5;8
7146840;5;7
7146841;5;5
7146842;5;5
7146844;5;8
7146845;5;8
7146847;5;3
7146852;5;3
7146853;5;4
7146854;5;5
7146855;5;5
7146857;5;5
7146858;5;3
7146861;5;7
7146862;5;3
7146864;5;6
7146865;5;6
7146866;5;10
7146867;5;4
7146868;5;10
7146870;5;6
7146873;5;10
7146874;5;6
7146875;5;12
7146877;5;9
7146880;5;9
7146882;5;5
7146887;5;10
7146889;5;9
7146899;5;12
7146901;5;9
7146905;5;3
7146907;5;19
7146908;5;9
7146909;5;12
7146910;5;9
7146912;5;13
7146917;5;14
7146918;5;12
7146921;5;8
7146923;5;4
7146928;5;5
7146929;5;7
7146930;5;8
7146931;5;14
7146932;5;8
7146934;5;10
7146938;5;4
7146940;5;12
7146942;5;3
7146943;5;3
7146947;5;8
7146948;5;11
7146951;5;8
7146953;5;4
7146955;5;4
7146956;5;3
7146959;5;2
7146961;5;5
7146962;5;8
7146963;5;3
7146965;5;4
7146966;5;2
7146968;5;13
7146969;5;6
7146984;5;8
7146986;5;4
7146987;5;6
7146989;5;13
7146990;5;2
7146992;5;5
7146993;5;4
7146995;5;6
7146997;5;3
7146999;5;5
7147001;5;4
7147002;5;2
7147005;5;6
7147006;5;1
7147007;5;3
7149610;11;1
7149611;11;10
7149618;11;5
7149619;11;9
7149624;11;5
7149626;11;6
7149627;11;6
7149632;11;14
7149633;11;7
7149634;11;12
7149635;11;12
7149637;11;2
7149638;11;5
7149640;11;9
7149641;11;11
7149645;11;3
7149648;11;5
7149649;11;8
7149650;11;14
7149651;11;10
7149652;11;11
7149653;11;9
7149657;11;12
7149661;11;3
7149663;11;5
7149664;11;4
7149666;11;2
7149667;11;7
7149670;11;4
7149671;11;6
7149672;11;9
7149673;11;1
7149674;11;6
7149676;11;3
7149677;11;6
7149678;11;2
7149680;11;2
7149681;11;4
7149682;11;10
7149683;11;9
7149684;11;2
7149685;11;2
7149686;11;4
7149687;11;9
7149688;11;5
7149689;11;6
7149691;11;5
7149692;11;4
7149693;11;5
7149694;11;5
7149695;11;9
7149696;11;3
7149698;11;11
7149699;11;8
7149700;11;4
7149701;11;6
7149702;11;12
7149703;11;5
7149704;11;6
7149705;11;4
7149706;11;4
7149707;11;9
7149710;11;5
7149711;11;7
7149712;11;4
7149713;11;2
7149715;11;3
7149716;11;3
7149717;11;3
7149718;11;4
7149719;11;9
7149720;11;3
7149721;11;6
7149723;11;4
7149724;11;5
7149725;11;7
7149726;11;4
7149727;11;4
7149728;11;5
7149729;11;11
7149730;11;4
7149732;11;14
7149733;11;12
7149734;11;7
7149735;11;1
7149736;11;2
7149737;11;5
7149738;11;8
7149739;11;9
7149741;11;8
7149742;11;6
7149743;11;7
7149750;11;4
7149753;11;3
7149782;11;5
7149784;11;5
7149799;11;5
7149817;11;7
7149818;11;10
7149836;11;4
7149867;11;14
7149873;11;8
7152197;5;11
7152199;5;8
7152200;5;14
7152205;5;0
7152207;5;14
7152208;5;10
7152213;5;10
7152214;5;12
7152216;5;9
7152217;5;14
7152221;5;6
7152224;5;9
7152225;5;17
7152226;5;10
7152231;5;11
7152235;5;11
7152238;5;4
7152239;5;1
7152240;5;4
7152241;5;1
7152242;5;3
7152244;5;2
7152245;5;2
7152246;5;3
7152247;5;3
7152248;5;8
7152249;5;4
7152250;5;3
7152251;5;7
7152254;5;6
7152255;5;4
7152258;5;6
7152260;5;3
7152262;5;3
7152263;5;4
7152266;5;2
7152271;5;1
7152272;5;4
7152276;5;3
7152280;5;6
7152281;5;3
7152284;5;4
7152285;5;3
7152286;5;3
7152288;5;2
7152289;5;5
7152292;5;2
7152293;5;3
7152294;5;8
7152296;5;2
7152298;5;2
7152300;5;3
7152302;5;3
7152303;5;4
7152304;5;4
7152305;5;3
7152306;5;2
7152307;5;3
7152308;5;3
7152310;5;3
7152313;5;5
7152314;5;7
7152315;5;3
7152319;5;4
7152322;5;5
7152324;5;4
7152325;5;4
7152329;5;4
7152330;5;5
7152332;5;4
7152333;5;1
7152335;5;5
7152337;5;8
7152339;5;5
7152343;5;4
7152344;5;3
7152345;5;4
7152346;5;6
7152348;5;3
7152349;5;1
7152354;5;4
7152372;5;4
7152380;5;2
7152387;5;4
7152390;5;2
7152391;5;8
7152396;5;5
7152405;5;4
7152406;5;5
7152407;5;5
7152416;5;4
7152417;5;8
7152420;5;4
7152422;5;5
7152424;5;6
7152425;5;3
7152438;5;4
7152444;5;4
7156384;5;13
7156385;5;12
7156390;5;10
7156395;5;5
7156396;5;6
7156400;5;4
7156401;5;5
7156402;5;5
7156404;5;5
7156410;5;7
7156412;5;4
7156413;5;3
7156415;5;6
7156418;5;13
7156419;5;4
7156420;5;10
7156421;5;6
7156422;5;6
7156424;5;4
7156425;5;7
7156426;5;7
7156427;5;5
7156429;5;3
7156430;5;9
7156431;5;6
7156432;5;5
7156433;5;4
7156435;5;9
7156436;5;11
7156437;5;11
7156440;5;12
7156442;5;9
7156446;5;6
7156448;5;11
7156455;5;11
7156459;5;7
7156460;5;11
7156463;5;8
7156464;5;13
7156465;5;9
7156466;5;4
7156473;5;4
7156479;5;6
7156481;5;7
7156483;5;5
7156484;5;9
7156488;5;9
7156489;5;7
7156490;5;6
7156491;5;2
7156494;5;4
7156495;5;5
7156498;5;10
7156499;5;6
7156500;5;11
7156501;5;3
7156502;5;5
7156504;5;5
7156507;5;5
7156509;5;10
7156513;5;7
7156516;5;6
7156517;5;2
7156518;5;6
7156519;5;1
7156522;5;4
7156524;5;6
7156532;5;4
7156533;5;7
7156535;5;7
7156539;5;8
7156541;5;3
7156544;5;3
7156545;5;11
7156552;5;5
7156554;5;5
7156572;5;9
7156579;5;7
7156586;5;6
7156594;5;17
7156612;5;6
7156634;5;11
7156650;5;11
7156652;5;3
7156654;5;4
7156659;5;5
7156660;5;6
7156661;5;3
7156663;5;9
7156664;5;11
7156667;5;9
7156669;5;12
7156670;5;9
7156679;5;2
7156681;5;1
7156686;5;11
7156688;5;2
7156691;5;8
7156693;5;3
7156694;5;3
7156716;5;7
7156718;5;5
7156722;5;7
7156726;5;3
7156730;5;5
7156731;5;6
7157997;11;11
7157999;11;10
7158003;11;4
7158004;11;5
7158005;11;3
7158008;11;10
7158009;11;7
7158010;11;3
7158015;11;9
7158016;11;8
7158018;11;7
7158019;11;10
7158020;11;3
7158021;11;11
7158023;11;11
7158024;11;3
7158025;11;1
7158026;11;14
7158027;11;11
7158028;11;14
7158030;11;0
7158031;11;3
7158033;11;7
7158034;11;2
7158037;11;11
7158038;11;5
7158039;11;8
7158041;11;5
7158043;11;9
7158044;11;5
7158045;11;5
7158046;11;6
7158047;11;2
7158048;11;14
7158049;11;7
7158050;11;9
7158051;11;16
7158052;11;3
7158053;11;4
7158054;11;7
7158056;11;5
7158058;11;3
7158062;11;14
7158063;11;11
7158066;11;5
7158069;11;4
7158071;11;4
7158073;11;7
7158077;11;13
7158078;11;10
7158079;11;8
7158081;11;10
7158082;11;6
7158083;11;6
7158085;11;4
7158087;11;11
7158091;11;3
7158092;11;13
7158093;11;9
7158094;11;12
7158095;11;12
7158096;11;1
7158100;11;13
7158101;11;13
7158102;11;13
7158104;11;7
7158105;11;7
7158107;11;8
7158108;11;16
7158112;11;10
7158113;11;9
7158116;11;4
7158117;11;9
7158120;11;16
7158121;11;8
7158125;11;14
7158127;11;6
7158134;11;8
7158135;11;6
7158136;11;0
7158137;11;6
7158139;11;13
7158140;11;10
7158146;11;6
7158147;11;4
7158149;11;9
7158155;11;9
7158156;11;14
7158158;11;10
7158160;11;6
7158165;11;2
7158166;11;5
7158167;11;12
7158169;11;8
7160110;5;11
7160111;5;13
7160120;5;6
7160123;5;5
7160124;5;4
7160126;5;19
7160127;5;11
7160129;5;14
7160130;5;8
7160131;5;19
7160134;5;10
7160135;5;8
7160138;5;7
7160139;5;7
7160140;5;3
7160141;5;3
7160142;5;3
7160143;5;6
7160144;5;5
7160146;5;5
7160147;5;4
7160149;5;9
7160150;5;4
7160151;5;10
7160152;5;3
7160153;5;3
7160154;5;13
7160155;5;10
7160157;5;2
7160158;5;8
7160161;5;3
7160168;5;11
7160171;5;8
7160172;5;6
7160178;5;6
7160179;5;2
7160180;5;4
7160181;5;3
7160183;5;3
7160188;5;7
7160190;5;3
7160191;5;2
7160192;5;10
7160193;5;4
7160195;5;3
7160199;5;5
7160202;5;3
7160203;5;4
7160205;5;1
7160206;5;2
7160207;5;4
7160209;5;7
7160211;5;2
7160212;5;2
7160213;5;11
7160216;5;21
7160217;5;2
7160235;5;2
7160245;5;6
7160250;5;2
7160257;5;3
7160258;5;4
7161951;5;12
7161953;5;12
7161954;5;5
7161955;5;9
7161956;5;3
7161958;5;4
7161962;5;9
7161964;5;10
7161965;5;10
7161967;5;3
7161978;5;13
7161980;5;11
7161982;5;7
7161984;5;14
7161986;5;3
7161988;5;10
7161992;5;10
7162004;5;9
7162005;5;4
7162006;5;4
7162007;5;3
7162008;5;4
7162009;5;12
7162010;5;7
7162015;5;5
7162016;5;7
7163682;11;4
7163696;11;6
7163697;11;8
7163698;11;8
7163701;11;8
7163702;11;5
7163703;11;8
7163704;11;4
7163705;11;7
7163707;11;5
7163708;11;4
7163711;11;7
7163712;11;3
7163713;11;5
7163714;11;16
7163715;11;4
7163717;11;6
7163720;11;5
7163721;11;6
7163724;11;6
7163727;11;8
7163728;11;7
7163729;11;3
7163731;11;3
7163732;11;11
7163733;11;15
7163734;11;7
7163735;11;9
7163736;11;9
7163737;11;12
7163740;11;14
7163742;11;1
7163743;11;16
7163745;11;13
7163746;11;10
7163747;11;8
7163748;11;9
7163749;11;6
7163750;11;8
7163752;11;6
7163753;11;16
7163754;11;15
7163755;11;7
7163756;11;6
7163757;11;9
7163758;11;14
7163761;11;3
7163763;11;5
7163764;11;4
7163766;11;5
7163767;11;0
7163768;11;16
7163769;11;15
7163770;11;11
7163772;11;15
7163774;11;6
7163775;11;7
7163776;11;12
7163777;11;5
7163778;11;9
7163780;11;3
7163824;11;8
7163826;11;7
7163835;11;5
7163836;11;4
7163837;11;4
7163863;11;9
7163874;11;17
7163885;11;8
7163889;11;7
7163892;11;10
7163896;11;8
7163929;11;4
7163986;11;7
7166577;5;11
7166578;5;13
7166579;5;7
7166581;5;8
7166582;5;5
7166583;5;11
7166584;5;5
7166585;5;8
7166586;5;11
7166587;5;12
7166588;5;14
7166589;5;10
7166590;5;13
7166592;5;13
7166595;5;4
7166597;5;6
7166600;5;11
7166601;5;14
7166602;5;13
7166604;5;11
7166606;5;12
7166607;5;9
7166608;5;13
7166609;5;1
7166610;5;12
7166611;5;9
7166612;5;9
7166613;5;10
7166616;5;9
7166620;5;3
7166622;5;10
7166623;5;10
7166624;5;10
7166625;5;11
7166627;5;14
7166632;5;10
7166633;5;11
7166635;5;8
7166636;5;14
7166637;5;9
7166641;5;14
7166642;5;9
7166645;5;13
7166647;5;4
7166648;5;3
7166663;5;11
7166673;5;4
7166674;5;8
7166683;5;12
7166687;5;4
7166689;5;4
7166692;5;2
7166693;5;3
7166694;5;4
7166695;5;1
7166708;5;10
7166710;5;7
7166716;5;5
7166721;5;13
7166725;5;4
7166733;5;9
7166735;5;14
7166738;5;2
7166739;5;6
7166741;5;10
7166743;5;8
7166744;5;7
7166746;5;5
7166748;5;4
7166749;5;4
7166750;5;5
7166752;5;9
7166756;5;7
7166762;5;2
7166765;5;13
7166767;5;7
7166772;5;9
7166774;5;14
7166781;5;5
7166782;5;5
7166784;5;12
7166786;5;1
7166787;5;4
7166788;5;4
7166792;5;10
7166793;5;4
7166794;5;4
7166795;5;6
7166796;5;0
7170398;5;5
7170400;5;4
7170401;5;5
7170402;5;8
7170403;5;8
7170404;5;3
7170406;5;3
7170407;5;10
7170408;5;2
7170409;5;6
7170410;5;5
7170411;5;9
7170412;5;3
7170413;5;3
7170414;5;4
7170415;5;4
7170416;5;3
7170417;5;8
7170418;5;5
7170421;5;8
7170424;5;5
7170425;5;17
7170426;5;6
7170427;5;3
7170428;5;12
7170429;5;4
7170431;5;3
7170433;5;7
7170440;5;2
7170443;5;3
7170448;5;12
7170465;5;2
7170466;5;12
7170469;5;6
7170473;5;5
7170484;5;4
7170485;5;5
7170487;5;8
7170490;5;8
7170496;5;5
7170498;5;7
7170499;5;5
7170500;5;6
7170503;5;5
7170504;5;6
7170505;5;6
7170506;5;5
7170507;5;6
7170510;5;4
7170511;5;6
7170516;5;7
7170517;5;3
7172269;5;9
7172272;5;10
7172276;5;8
7172279;5;8
7172282;5;4
7172283;5;13
7172284;5;14
7172285;5;4
7172286;5;9
7172287;5;2
7172289;5;5
7172291;5;9
7172292;5;9
7172294;5;10
7172296;5;2
7172298;5;8
7172299;5;9
7172303;5;12
7172304;5;14
7172307;5;9
7172309;5;5
7172313;5;13
7172315;5;10
7172318;5;11
7172324;5;7
7172327;5;3
7172329;5;4
7172333;5;10
7172334;5;3
7172338;5;6
7172339;5;8
7172340;5;7
7172341;5;10
7172342;5;4
7172345;5;11
7172347;5;1
7172348;5;9
7172349;5;13
7172352;5;1
7172361;5;2
7172363;5;3
7172367;5;13
7172369;5;3
7172372;5;5
7172374;5;4
7172375;5;9
7172376;5;13
7172380;5;8
7172382;5;7
7172383;5;8
7172384;5;2
7172387;5;5
7172391;5;2
7172393;5;2
7172396;5;14
7172405;5;13
7172406;5;3
7172407;5;13
7172445;5;1
7172456;5;13
7172457;5;4
7172461;5;4
7172462;5;10
7172463;5;3
7172464;5;4
7172466;5;4
7172467;5;6
7172470;5;6
7172471;5;5
7172472;5;11
7172480;5;3
7172491;5;13
7172495;5;8
7172496;5;2
7172499;5;3
7172500;5;7
7172501;5;6
7172502;5;6
7173744;11;1
7173746;11;16
7173748;11;10
7173750;11;2
7173752;11;8
7173755;11;6
7173758;11;6
7173759;11;4
7173760;11;9
7173763;11;6
7173765;11;7
7173766;11;8
7173768;11;7
7173774;11;7
7173775;11;5
7173776;11;14
7173777;11;6
7173778;11;8
7173779;11;4
7173780;11;4
7173781;11;0
7173782;11;4
7173783;11;5
7173784;11;3
7173785;11;2
7173786;11;3
7173787;11;6
7173788;11;7
7173789;11;5
7173790;11;2
7173793;11;16
7173794;11;6
7173795;11;7
7173798;11;2
7173799;11;3
7173800;11;7
7173801;11;0
7173802;11;5
7173812;11;7
7173813;11;7
7173814;11;4
7173815;11;12
7173816;11;15
7173842;11;3
7176078;5;12
7176079;5;10
7176080;5;12
7176081;5;11
7176082;5;0
7176084;5;6
7176087;5;8
7176088;5;6
7176090;5;8
7176091;5;16
7176095;5;12
7176097;5;4
7176102;5;12
7176103;5;9
7176104;5;16
7176106;5;10
7176107;5;10
7176108;5;6
7176109;5;10
7176111;5;14
7176115;5;14
7176117;5;9
7176119;5;13
7176121;5;16
7176122;5;12
7176123;5;4
7176125;5;12
7176126;5;7
7176127;5;11
7176136;5;5
7177286;5;5
7177286;5;8
7177287;5;4
7177288;5;7
7177288;5;12
7177289;5;2
7177290;5;9
7177291;5;9
7177293;5;6
7177294;5;12
7177296;5;11
7177297;5;6
7177299;5;8
7177301;5;8
7177302;5;6
7177302;5;8
7177306;5;10
7177310;5;4
7177311;5;9
7177312;5;3
7177313;5;3
7177314;5;4
7177316;5;4
7177317;5;8
7177323;5;5
7177326;5;7
7177327;5;6
7177332;5;5
7177333;5;4
7177336;5;5
7177343;5;3
7177345;5;9
7177350;5;7
7177353;5;8
7177367;5;5
7178646;11;1
7178648;11;3
7178649;11;15
7178651;11;4
7178654;11;4
7178655;11;2
7178657;11;2
7178661;11;11
7178662;11;5
7178663;11;7
7178664;11;7
7178666;11;4
7178670;11;5
7178671;11;15
7178672;11;9
7178673;11;11
7178675;11;7
7178680;11;8
7178681;11;12
7178683;11;10
7178693;11;15
7178695;11;4
7178698;11;4
7178700;11;9
7178702;11;4
7178704;11;9
7178708;11;8
7178709;11;4
7178711;11;7
7178716;11;11
7178718;11;10
7178719;11;13
7178723;11;9
7178726;11;7
7178729;11;8
7178732;11;10
7178733;11;14
7178735;11;12
7178736;11;14
7178737;11;8
7178738;11;8
7178741;11;8
7178742;11;9
7178743;11;5
7178745;11;11
7178746;11;15
7178747;11;12
7178748;11;5
7178750;11;4
7178751;11;15
7178752;11;8
7178757;11;13
7178758;11;6
7178761;11;12
7178764;11;9
7178767;11;9
7178769;11;8
7178771;11;10
7178772;11;16
7178774;11;6
7178776;11;8
7178777;11;11
7178778;11;15
7178780;11;8
7178782;11;16
7178784;11;5
7178785;11;10
7178788;11;7
7178790;11;15
7178795;11;3
7178796;11;0
7178798;11;11
7178799;11;9
7178802;11;10
7178804;11;15
7178807;11;12
7178808;11;17
7178811;11;12
7178812;11;7
7178814;11;10
7178815;11;16
7178817;11;12
7178818;11;4
7178819;11;2
7178825;11;3
7178828;11;1
7178829;11;2
7178831;11;3
7178833;11;6
7178834;11;12
7178835;11;9
7178837;11;3
7178840;11;9
7178842;11;12
7178843;11;12
7178844;11;8
7178845;11;2
7178846;11;8
7178848;11;21
7178850;11;7
7178852;11;9
7178853;11;7
7178854;11;12
7178855;11;7
7178856;11;5
7178860;11;5
7178861;11;11
7178862;11;3
7178863;11;7
7178864;11;15
7178865;11;2
7178866;11;2
7178867;11;7
7178868;11;3
7178869;11;15
7178870;11;2
7178872;11;2
7178877;11;6
7178878;11;4
7178880;11;2
7178881;11;8
7178882;11;7
7178883;11;2
7178884;11;14
7178885;11;4
7178887;11;17
7178888;11;15
7178889;11;7
7178890;11;2
7178891;11;8
7178892;11;13
7178893;11;7
7178895;11;2
7178896;11;9
7178897;11;13
7178899;11;5
7178900;11;6
7178901;11;10
7178902;11;9
7178903;11;2
7178904;11;3
7178905;11;3
7178907;11;8
7178908;11;3
7178909;11;7
7178910;11;10
7178911;11;13
7178912;11;4
7178913;11;13
7178915;11;2
7178918;11;5
7178919;11;3
7178920;11;5
7178921;11;12
7178924;11;7
7178925;11;7
7178928;11;6
7178930;11;4
7178931;11;4
7178933;11;10
7178934;11;7
7178935;11;5
7178936;11;7
7178937;11;5
7178943;11;1
7178944;11;5
7178946;11;12
7178947;11;3
7178948;11;14
7178949;11;4
7178950;11;10
7178951;11;13
7178952;11;5
7178953;11;3
7178955;11;5
7178956;11;5
7178957;11;0
7178959;11;8
7178960;11;2
7178961;11;9
7178963;11;6
7178963;11;4
7178964;11;12
7178965;11;5
7178967;11;13
7178968;11;9
7178969;11;8
7178970;11;14
7178971;11;13
7178972;11;2
7178973;11;15
7178974;11;15
7178975;11;4
7178976;11;2
7178977;11;15
7178978;11;9
7178979;11;13
7178980;11;6
7178981;11;11
7178982;11;4
7178983;11;3
7178984;11;6
7178985;11;11
7178987;11;4
7178988;11;7
7178989;11;4
7178990;11;5
7178991;11;5
7178992;11;7
7178994;11;8
7178996;11;9
7178997;11;3
7178999;11;5
7179000;11;7
7179001;11;5
7179004;11;8
7179006;11;7
7179007;11;8
7179010;11;10
7179033;11;11
7179046;11;10
7179061;11;11
7179065;11;6
7179067;11;15
7179078;11;8
7179091;11;11
7179092;11;11
7185331;5;12
7185336;5;10
7185352;5;5
7185359;5;3
7185361;5;4
7185362;5;14
7185364;5;11
7185367;5;9
7185368;5;13
7185369;5;16
7185370;5;10
7185371;5;1
7185373;5;10
7185374;5;3
7185375;5;10
7185379;5;2
7185380;5;6
7185381;5;4
7185385;5;7
7185387;5;10
7185388;5;2
7185389;5;7
7185390;5;7
7185393;5;5
7185402;5;7
7185407;5;5
7185411;5;3
7185413;5;5
7185416;5;4
7185417;5;1
7185424;5;12
7185425;5;5
7185429;5;5
7185430;5;3
7185432;5;16
7185435;5;17
7185436;5;19
7185438;5;14
7185439;5;2
7185440;5;11
7185441;5;9
7185442;5;7
7185444;5;6
7185447;5;6
7185448;5;13
7185452;5;3
7185453;5;4
7185456;5;3
7185465;5;4
7185467;5;6
7185468;5;10
7185470;5;2
7185472;5;3
7185473;5;6
7185475;5;2
7185476;5;9
7185481;5;4
7185485;5;4
7185494;5;3
7185500;5;7
7185502;5;3
7185503;5;7
7188498;5;13
7188502;5;7
7188503;5;14
7188504;5;12
7188505;5;6
7188506;5;11
7188508;5;11
7188509;5;12
7188510;5;4
7188511;5;6
7188512;5;11
7188513;5;11
7188514;5;10
7188515;5;10
7188517;5;5
7188520;5;7
7188523;5;16
7188526;5;8
7188527;5;11
7188529;5;10
7188532;5;10
7188533;5;11
7188534;5;10
7188537;5;9
7188545;5;4
7188546;5;13
7188548;5;17
7188549;5;10
7188551;5;12
7188554;5;10
7188555;5;12
7188557;5;3
7188558;5;7
7188559;5;10
7188565;5;8
7188568;5;5
7188569;5;11
7188570;5;2
7188571;5;0
7188572;5;9
7188575;5;11
7188576;5;7
7190015;5;12
7190017;5;10
7190018;5;13
7190019;5;8
7190020;5;5
7190021;5;8
7190025;5;16
7190028;5;4
7190029;5;4
7190032;5;3
7190040;5;3
7190042;5;3
7190045;5;4
7190050;5;4
7190051;5;3
7190063;5;2
7190065;5;7
7191301;11;4
7191302;11;2
7191303;11;2
7191307;11;8
7191308;11;7
7191309;11;3
7191310;11;8
7191311;11;6
7191313;11;4
7191314;11;12
7191316;11;6
7191318;11;3
7191319;11;7
7191323;11;3
7191324;11;0
7191326;11;10
7191331;11;13
7191333;11;10
7191334;11;15
7191335;11;3
7191336;11;3
7191338;11;8
7191340;11;3
7191344;11;12
7191345;11;13
7191347;11;8
7191349;11;13
7191351;11;13
7191352;11;10
7191353;11;16
7191357;11;11
7191358;11;13
7191360;11;15
7191361;11;13
7191363;11;15
7191365;11;6
7191367;11;4
7191368;11;5
7191369;11;12
7191370;11;7
7191371;11;8
7191373;11;5
7191374;11;4
7191375;11;0
7191377;11;2
7191378;11;1
7191382;11;4
7191383;11;12
7191384;11;12
7191386;11;4
7191388;11;13
7191389;11;6
7191390;11;15
7191391;11;4
7191393;11;2
7191394;11;3
7191395;11;5
7191396;11;3
7191397;11;6
7191398;11;5
7191399;11;8
7191400;11;4
7191401;11;5
7191402;11;7
7191405;11;4
7191406;11;7
7191407;11;2
7191408;11;9
7191409;11;4
7191411;11;12
7191412;11;4
7191413;11;4
7191414;11;5
7191415;11;7
7191416;11;4
7191417;11;5
7191418;11;3
7191419;11;15
7191420;11;9
7191421;11;9
7191423;11;5
7191424;11;7
7191425;11;14
7191426;11;5
7191427;11;7
7191429;11;3
7191431;11;14
7191432;11;8
7191433;11;4
7191434;11;5
7191435;11;13
7191436;11;6
7191437;11;9
7191438;11;2
7191439;11;8
7191440;11;9
7191441;11;3
7191442;11;5
7191443;11;5
7191444;11;8
7191445;11;7
7191446;11;15
7191448;11;6
7191449;11;3
7191450;11;5
7191451;11;9
7191452;11;7
7191454;11;4
7191455;11;8
7191456;11;4
7191457;11;2
7191458;11;2
7191460;11;4
7191461;11;2
7191462;11;1
7191501;11;5
7191534;11;4
7191537;11;7
7191551;11;9
7191557;11;2
7191562;11;6
7191567;11;3
7191581;11;5
7191589;11;6
7191590;11;3
7191593;11;3
7191594;11;6
7191605;11;6
7194387;5;9
7194388;5;5
7194391;5;5
7194394;5;14
7194395;5;7
7194396;5;5
7194397;5;11
7194398;5;11
7194399;5;5
7194400;5;3
7194401;5;6
7194402;5;2
7194403;5;4
7194404;5;6
7194405;5;5
7194407;5;4
7194408;5;6
7194409;5;9
7194410;5;5
7194416;5;3
7194419;5;3
7194426;5;4
7194428;5;6
7194436;5;10
7194437;5;4
7194438;5;3
7194439;5;2
7194441;5;1
7194443;5;4
7194451;5;8
7194454;5;3
7194455;5;4
7194459;5;2
7194460;5;8
7194461;5;1
7194462;5;7
7194467;5;1
7194468;5;5
7194469;5;4
7194470;5;8
7194473;5;4
7194475;5;5
7194482;5;9
7194483;5;5
7194484;5;2
7194487;5;5
7194488;5;2
7194493;5;0
7194496;5;8
7194498;5;2
7194501;5;6
7194503;5;3
7194505;5;6
7194508;5;2
7194509;5;3
7194510;5;4
7198811;5;9
7198813;5;10
7198814;5;10
7198815;5;10
7198816;5;16
7198817;5;2
7198822;5;3
7198824;5;9
7198825;5;4
7198827;5;2
7198828;5;10
7198829;5;2
7200723;5;3
7200724;5;2
7200725;5;5
7200727;5;14
7200728;5;5
7200729;5;3
7200736;5;3
7200737;5;3
7200742;5;14
7200745;5;4
7200746;5;3
7200747;5;7
7200749;5;4
7200750;5;14
7200751;5;3
7200753;5;2
7200755;5;4
7200756;5;3
7200759;5;2
7200762;5;3
7200763;5;2
7200764;5;5
7200766;5;3
7200770;5;3
7200771;5;3
7200772;5;3
7200773;5;3
7200775;5;3
7200778;5;2
7200779;5;5
7200782;5;3
7200785;5;0
7200787;5;2
7200789;5;6
7200792;5;3
7200793;5;2
7200794;5;3
7200795;5;3
7200797;5;1
7200800;5;4
7200814;5;6
7200817;5;3
7200818;5;5
7200825;5;7
7201586;11;8
7201587;11;7
7201591;11;11
7201592;11;10
7201593;11;9
7201595;11;9
7201597;11;7
7201598;11;7
7201599;11;12
7201600;11;16
7201601;11;10
7201605;11;15
7201607;11;5
7201618;11;12
7201623;11;10
7201624;11;8
7201625;11;11
7201627;11;6
7201629;11;4
7201630;11;9
7201632;11;13
7201634;11;8
7201636;11;7
7201638;11;14
7201641;11;8
7201646;11;10
7201648;11;9
7201649;11;10
7201652;11;4
7201653;11;5
7201656;11;8
7201658;11;14
7201662;11;5
7201664;11;13
7201666;11;8
7201670;11;14
7201672;11;5
7201673;11;4
7201675;11;12
7201678;11;14
7201682;11;10
7201684;11;7
7201685;11;8
7201687;11;16
7201691;11;16
7201692;11;13
7201693;11;7
7201695;11;7
7201696;11;11
7201697;11;6
7201698;11;15
7201699;11;5
7201700;11;10
7201702;11;9
7201703;11;11
7201704;11;10
7201705;11;13
7201707;11;10
7201708;11;16
7201710;11;0
7201711;11;10
7201712;11;11
7201714;11;9
7201715;11;15
7201723;11;10
7201724;11;8
7201726;11;4
7201737;11;5
7201738;11;13
7201740;11;15
7201741;11;10
7201742;11;8
7201744;11;10
7201746;11;11
7201747;11;6
7201748;11;16
7201749;11;8
7201751;11;5
7201752;11;15
7201753;11;4
7201757;11;11
7201758;11;10
7201759;11;14
7201762;11;13
7201763;11;3
7201764;11;4
7201765;11;13
7201766;11;11
7201767;11;9
7201768;11;4
7201769;11;9
7201773;11;9
7201776;11;8
7201777;11;14
7201778;11;3
7201779;11;6
7201780;11;5
7201781;11;5
7201782;11;6
7201784;11;5
7201786;11;10
7201787;11;9
7201789;11;6
7201790;11;10
7201791;11;16
7201793;11;13
7201794;11;13
7201795;11;3
7201796;11;9
7201797;11;6
7201798;11;12
7201799;11;15
7201804;11;5
7201805;11;9
7201807;11;7
7201808;11;6
7201809;11;7
7201811;11;7
7201812;11;7
7201813;11;3
7201814;11;16
7201818;11;9
7201843;11;3
7201847;11;8
7201848;11;9
7201852;11;4
7201857;11;6
7201865;11;14
7201868;11;13
7201875;11;9
7201877;11;9
7201880;11;6
7201885;11;11
7201886;11;8
7201894;11;11
7201897;11;8
7201902;11;3
7201915;11;2
7201917;11;1
7201918;11;6
7204048;5;6
7204049;5;13
7204050;5;12
7204051;5;13
7204053;5;8
7204055;5;11
7204056;5;11
7204058;5;14
7204061;5;8
7204062;5;5
7204064;5;13
7204065;5;5
7204066;5;10
7204069;5;12
7204071;5;10
7204074;5;10
7204078;5;13
7204079;5;13
7204082;5;9
7204083;5;4
7204084;5;15
7204086;5;13
7204087;5;14
7204088;5;11
7204091;5;16
7204092;5;12
7204093;5;8
7204094;5;5
7204095;5;8
7204096;5;8
7204100;5;12
7204102;5;11
7204103;5;10
7204105;5;16
7204107;5;11
7204108;5;16
7204109;5;10
7204111;5;11
7204113;5;8
7204117;5;8
7204118;5;15
7204119;5;13
7204120;5;13
7204121;5;9
7204122;5;12
7204124;5;10
7204126;5;8
7204127;5;15
7204128;5;9
7204129;5;14
7204130;5;16
7204132;5;13
7204133;5;12
7204135;5;14
7204137;5;12
7204140;5;10
7204141;5;16
7204142;5;12
7204143;5;3
7204144;5;8
7204146;5;11
7204147;5;10
7204150;5;5
7204151;5;10
7204152;5;8
7204154;5;12
7204155;5;10
7204157;5;8
7204160;5;10
7204161;5;7
7204162;5;8
7204163;5;10
7204164;5;5
7204166;5;5
7204167;5;15
7204168;5;10
7204169;5;9
7204170;5;4
7204171;5;2
7204172;5;10
7204173;5;12
7204174;5;11
7206924;5;1
7206925;5;13
7206926;5;15
7206927;5;1
7206928;5;2
7206930;5;10
7206935;5;11
7206937;5;7
7206939;5;2
7206940;5;2
7206941;5;13
7206943;5;3
7206945;5;8
7206946;5;2
7206949;5;7
7206951;5;9
7206952;5;9
7206954;5;5
7206957;5;15
7206961;5;9
7206964;5;5
7206965;5;1
7206966;5;7
7206968;5;11
7206970;5;8
7206972;5;11
7206980;5;4
7206982;5;6
7206983;5;2
7206989;5;7
7206995;5;7
7206999;5;5
7207002;5;5
7207003;5;3
7207007;5;6
7207013;5;5
7207017;5;4
7207018;5;7
7207022;5;5
7207027;5;4
7207033;5;3
7207034;5;5
7207035;5;6
7207037;5;5
7207041;5;2
7207043;5;2
7207045;5;4
7207049;5;5
7211080;11;1
7211082;11;9
7211084;11;8
7211085;11;13
7211086;11;10
7211095;11;4
7211096;11;5
7211097;11;11
7211099;11;7
7211100;11;2
7211101;11;2
7211102;11;6
7211103;11;6
7211104;11;4
7211105;11;6
7211107;11;7
7211108;11;7
7211109;11;8
7211111;11;7
7211112;11;7
7211113;11;7
7211114;11;5
7211115;11;7
7211118;11;10
7211120;11;7
7211121;11;7
7211122;11;5
7211123;11;3
7211125;11;3
7211126;11;6
7211127;11;7
7211129;11;9
7211130;11;5
7211132;11;2
7211133;11;12
7211134;11;12
7211136;11;12
7211137;11;9
7211139;11;5
7211140;11;6
7211141;11;7
7211142;11;2
7211143;11;3
7211147;11;7
7211148;11;3
7211149;11;8
7211151;11;12
7211152;11;10
7211153;11;4
7211155;11;9
7211156;11;5
7211157;11;13
7211159;11;3
7211160;11;9
7211161;11;9
7211162;11;9
7211165;11;8
7211166;11;13
7211167;11;4
7211168;11;7
7211170;11;6
7211171;11;4
7211172;11;4
7211173;11;10
7211174;11;14
7211176;11;6
7211178;11;16
7211181;11;9
7211182;11;10
7211183;11;2
7211184;11;10
7211187;11;13
7211188;11;10
7211201;11;6
7211202;11;5
7211203;11;8
7211209;11;2
7211211;11;13
7211226;11;5
7211234;11;10
7211240;11;1
7211241;11;5
7211261;11;4
7211262;11;5
7214168;5;11
7214169;5;13
7214171;5;11
7214172;5;15
7214174;5;3
7214175;5;13
7214176;5;12
7214177;5;14
7214178;5;9
7214179;5;13
7214180;5;16
7214184;5;10
7214185;5;3
7214186;5;4
7214187;5;16
7214188;5;4
7214191;5;5
7214192;5;5
7214193;5;3
7214198;5;11
7214199;5;13
7214201;5;4
7214204;5;11
7214207;5;11
7214208;5;11
7214209;5;6
7214211;5;15
7214212;5;17
7214215;5;9
7214221;5;11
7214222;5;14
7214223;5;11
7214224;5;2
7214225;5;7
7214227;5;4
7214229;5;2
7214230;5;11
7214231;5;2
7214232;5;5
7214233;5;13
7214236;5;12
7214237;5;17
7214238;5;14
7214240;5;9
7214242;5;5
7214244;5;15
7214245;5;10
7214248;5;6
7214249;5;4
7214251;5;8
7214252;5;6
7214254;5;4
7214255;5;7
7214256;5;7
7214258;5;6
7214264;5;7
7214265;5;7
7214270;5;1
7214273;5;8
7214278;5;2
7214284;5;4
7214285;5;2
7214287;5;9
7214307;5;7
7214310;5;8
7214312;5;8
7214313;5;8
7214315;5;4
7214329;5;5
7214332;5;9
7214340;5;7
7214341;5;9
7214343;5;9
7214347;5;10
7214349;5;4
7214350;5;2
7214357;5;6
7214358;5;13
7214361;5;7
7214363;5;9
7214367;5;3
7214368;5;11
7214371;5;7
7214378;5;6
7214382;5;4
7214386;5;5
7214392;5;9
7214396;5;6
7214400;5;1
7214403;5;9
7214404;5;2
7214417;5;9
7214422;5;9
7214424;5;15
7214428;5;4
7214430;5;1
7214431;5;5
7214433;5;2
7214434;5;5
7214436;5;5
7214440;5;5
7214443;5;4
7214445;5;5
7214447;5;8
7214448;5;3
7214449;5;3
7214451;5;2
7214452;5;2
7214457;5;8
7214458;5;7
7214460;5;3
7214466;5;6
7216706;5;0
7216709;5;11
7216710;5;10
7216711;5;13
7216713;5;12
7216716;5;4
7216725;5;12
7216727;5;5
7216728;5;4
7216729;5;6
7216730;5;3
7216731;5;4
7216734;5;6
7216735;5;5
7216736;5;5
7216737;5;6
7216738;5;4
7216741;5;8
7216742;5;4
7216743;5;5
7216744;5;9
7216745;5;2
7216768;5;6
7216778;5;5
7216780;5;7
7216785;5;3
7216787;5;3
7216792;5;5
7216793;5;3
7216796;5;2
7218467;5;2
7218468;5;7
7218469;5;5
7218471;5;15
7218472;5;5
7218473;5;13
7218474;5;7
7218476;5;3
7218481;5;15
7218484;5;9
7218485;5;15
7218487;5;13
7218488;5;14
7218491;5;11
7218496;5;14
7218498;5;3
7218500;5;8
7218503;5;2
7218504;5;3
7218505;5;4
7218507;5;7
7218508;5;5
7218509;5;3
7218510;5;3
7218515;5;10
7218525;5;8
7218527;5;5
7218529;5;6
7218530;5;4
7218531;5;4
7218535;5;4
7218537;5;5
7218541;5;2
7218544;5;5
7218548;5;15
7218550;5;8
7218558;5;8
7218560;5;6
7218561;5;3
7218562;5;1
7218563;5;2
7218564;5;3
7218565;5;4
7218567;5;2
7218568;5;2
7218569;5;5
7218570;5;3
7218571;5;4
7218573;5;4
7218574;5;1
7218575;5;1
7218576;5;15
7218579;5;4
7218580;5;3
7218581;5;3
7218585;5;9
7218591;5;9
7218595;5;7
7218596;5;6
7219727;11;10
7219728;11;15
7219729;11;8
7219730;11;10
7219731;11;2
7219734;11;7
7219735;11;3
7219737;11;11
7219738;11;2
7219739;11;13
7219743;11;13
7219747;11;8
7219749;11;4
7219749;11;11
7219750;11;16
7219753;11;13
7221465;5;12
7221467;5;7
7221468;5;15
7221469;5;8
7221471;5;5
7221473;5;10
7221474;5;11
7221477;5;12
7221478;5;13
7221479;5;6
7221480;5;5
7221481;5;4
7221482;5;11
7221483;5;16
7221487;5;5
7221488;5;15
7221489;5;15
7221491;5;7
7221493;5;6
7221494;5;10
7221495;5;12
7221496;5;12
7221498;5;9
7221500;5;16
7221502;5;10
7221504;5;10
7221505;5;6
7221506;5;10
7221507;5;8
7221508;5;2
7221509;5;3
7221510;5;6
7221511;5;10
7221512;5;3
7225813;11;7
7225815;11;13
7225820;11;17
7225822;11;11
7225823;11;11
7225825;11;12
7225826;11;5
7225828;11;10
7225830;11;15
7225831;11;16
7225832;11;15
7225836;11;11
7225837;11;7
7225838;11;15
7225844;11;4
7225848;11;6
7225859;11;4
7225863;11;5
7225869;11;8
7225873;11;10
7225874;11;10
7225875;11;10
7225876;11;5
7225878;11;15
7225879;11;4
7225880;11;2
7225884;11;13
7225886;11;8
7225887;11;13
7225889;11;9
7225890;11;14
7225892;11;4
7225896;11;6
7225897;11;6
7225898;11;12
7225903;11;9
7225907;11;12
7225908;11;3
7225912;11;13
7225913;11;5
7225914;11;8
7225917;11;5
7225920;11;8
7225921;11;16
7225931;11;5
7225932;11;12
7225934;11;14
7225935;11;9
7225936;11;2
7225937;11;4
7225938;11;8
7225942;11;11
7225950;11;13
7225956;11;0
7228429;5;11
7228430;5;6
7228431;5;13
7228432;5;6
7228433;5;8
7228435;5;9
7228436;5;5
7228437;5;10
7228438;5;3
7228440;5;2
7228455;5;11
7228456;5;4
7228457;5;11
7228459;5;12
7228522;5;12
7228526;5;7
7228527;5;5
7228529;5;4
7228537;5;15
7228538;5;15
7228545;5;2
7228548;5;20
7228549;5;4
7228550;5;12
7228551;5;5
7228554;5;12
7228557;5;18
7228558;5;15
7228561;5;12
7228566;5;13
7228577;5;6
7228607;5;3
7228608;5;8
7228609;5;5
7228610;5;7
7228611;5;2
7228613;5;4
7228614;5;3
7228615;5;3
7228616;5;4
7228617;5;3
7228618;5;3
7228619;5;3
7228620;5;2
7228623;5;5
7228626;5;4
7228627;5;2
7231325;5;8
7231326;5;12
7231327;5;3
7231330;5;7
7231331;5;8
7231334;5;18
7231335;5;8
7231336;5;5
7231337;5;8
7231338;5;7
7231339;5;13
7231428;5;18
7231430;5;10
7231433;5;3
7231434;5;1
7231435;5;6
7231436;5;3
7231437;5;3
7231438;5;10
7231440;5;2
7231441;5;8
7231445;5;3
7231446;5;4
7231449;5;5
7231450;5;5
7231451;5;4
7231452;5;2
7231453;5;5
7232241;11;12
7232242;11;6
7232246;11;3
7232247;11;9
7232252;11;3
7232253;11;11
7232255;11;6
7232257;11;10
7232259;11;6
7232263;11;2
7232267;11;4
7232268;11;0
7232278;11;6
7232279;11;4
7232282;11;0
7232283;11;6
7232284;11;13
7232285;11;5
7232286;11;5
7232325;11;11
7232354;11;9
7232355;11;15
7232356;11;8
7232357;11;5
7232359;11;9
7232360;11;5
7232364;11;2
7232366;11;5
7232367;11;5
7232370;11;3
7232372;11;8
7232374;11;14
7232375;11;8
7232376;11;12
7232377;11;2
7232378;11;11
7232379;11;2
7232383;11;16
7232384;11;9
7232385;11;15
7232387;11;10
7232410;11;7
7232413;11;5
7232415;11;5
7232416;11;8
7233193;5;11
7233194;5;13
7234474;5;8
7234475;5;3
7234477;5;7
7234478;5;4
7234479;5;4
7234480;5;4
7234481;5;7
7234486;5;4
7234487;5;3
7234496;5;6
7234511;5;2
7234512;5;4
7234514;5;2
7234515;5;8
7234516;5;3
7234517;5;1
7234537;5;12
7234538;5;13
7234539;5;9
7234540;5;9
7234541;5;8
7234544;5;12
7234544;5;12
7234545;5;4
7234546;5;4
7234547;5;6
7234549;5;6
7234558;5;4
7234563;5;13
7234564;5;15
7235086;11;4
7235090;11;8
7235094;11;0
7235096;11;5
7235097;11;2
7235098;11;9
7235099;11;8
7235102;11;4
7235104;11;9
7235105;11;8
7235107;11;4
7235109;11;2
7235110;11;10
7235111;11;4
7235113;11;2
7235114;11;9
7235115;11;10
7235116;11;5
7235118;11;4
7235119;11;2
7235121;11;12
7235122;11;0
7235123;11;8
7235125;11;9
7235126;11;9
7235127;11;7
7235130;11;11
7235135;11;1
7235139;11;14
7235151;11;9
7235154;11;8
7235400;5;5
7235402;5;2
7237110;11;6
7237113;11;10
7237117;11;5
7237122;11;3
7237123;11;6
7237124;11;6
7237125;11;4
7237126;11;8
7237128;11;9
7237129;11;3
7237131;11;3
7237135;11;10
7237142;11;14
7237143;11;5
7237144;11;3
7237147;11;6
7237148;11;4
7237149;11;5
7237150;11;10
7237151;11;12
7237152;11;9
7237153;11;4
7238288;5;5
7238293;5;9
7238296;5;0
7238298;5;2
7238301;5;4
7239808;5;10
7239809;5;4
7239811;5;6
7239814;5;9
7239815;5;11
7239831;5;3
7239832;5;3
7239843;5;4
7239846;5;12
7240090;11;6
7240091;11;5
7240092;11;5
7240094;11;2
7240095;11;3
7240096;11;10
7240097;11;2
7240098;11;9
7240099;11;8
7240100;11;3
7240101;11;5
7240102;11;4
7240103;11;8
7240104;11;6
7240105;11;5
7240106;11;3
7240107;11;6
7240108;11;5
7240109;11;13
7240110;11;6
7240111;11;14
7240114;11;3
7240115;11;3
7240146;11;0
7240147;11;3
7240148;11;6
7240149;11;15
7240150;11;5
7240152;11;11
7240153;11;16
7240154;11;6
7240155;11;13
7240157;11;19
7240158;11;15
7240159;11;6
7240160;11;7
7240161;11;6
7240434;5;8
7240443;5;9
7240450;5;15
7240451;5;9
7240458;5;4
7240459;5;3
7240498;5;5
7240528;5;2
7240534;5;3
7241352;11;8
7241353;11;3
7241354;11;13
7241357;11;10
7241358;11;11
7241359;11;15
7241361;11;6
7241362;11;12
7241363;11;11
7241364;11;6
7241365;11;9
7241367;11;6
7241368;11;12
7241379;11;14
7241383;11;12
7241534;5;11
7241536;5;12
7242051;11;0
7242052;11;9
7242053;11;6
7242056;11;11
7242057;11;15
7242060;11;8
7242062;11;5
7242063;11;9
7242064;11;13
7242065;11;14
7242066;11;14
7242067;11;3
7242071;11;13
7242814;11;8
7242815;11;3
7242818;11;3
7242819;11;14
7242820;11;3
7242821;11;3
7242828;11;8
7242831;11;1
7242833;11;13
7242834;11;3
7242838;11;8
7243451;11;6
7243611;5;13
7243615;5;15
7243618;5;15
7243634;5;5
7243640;5;4
7243641;5;3
7243646;5;0
7243656;5;13
7243658;5;13
7243659;5;6
7243662;5;2
7244717;11;6
7244719;11;13
7244724;11;6
7244725;11;6
7244726;11;10
7244731;11;4
7244732;11;15
7244733;11;13
7244873;5;6
7244874;5;3
7244877;5;3
7244888;5;7
7244890;5;4
7244891;5;20
7244892;5;7
7244894;5;14
7244922;5;10
7244923;5;4
7244926;5;9
7244928;5;9
7244939;5;2
7244941;5;4
7244942;5;6
7244945;5;3
7244947;5;3
7244950;5;3
7244962;5;3
7244965;5;9
7244966;5;8
7244968;5;6
7244969;5;6
7245259;11;6
7245262;11;10
7245263;11;5
7245264;11;11
7245265;11;2
7245267;11;14
7245270;11;12
7245271;11;3
7245272;11;6
7245273;11;8
7245274;11;4
7245278;11;3
7245279;11;5
7245280;11;13
7245281;11;6
7245284;11;15
7245285;11;6
7245287;11;6
7245288;11;6
7245290;11;10
7245291;11;8
7245292;11;2
7245293;11;10
7245294;11;4
7245295;11;4
7245296;11;9
7245297;11;14
7245298;11;13
7245299;11;11
7245301;11;5
7245302;11;8
7245303;11;15
7245304;11;4
7245305;11;6
7245310;11;18
7245311;11;12
7245313;11;5
7245314;11;4
7245315;11;10
7245317;11;10
7245318;11;12
7245319;11;8
7245320;11;13
7245321;11;3
7245322;11;4
7245323;11;8
7245324;11;8
7245325;11;2
7245327;11;5
7245329;11;8
7245330;11;5
7245331;11;15
7245332;11;10
7245333;11;9
7245334;11;5
7245335;11;5
7245336;11;15
7245337;11;8
7245904;5;2
7245906;5;3
7246124;11;5
7246125;11;14
7246247;5;7
7246251;5;7
7246252;5;5
7246253;5;3
7246391;11;6
7246396;11;18
7246409;11;6
7246413;11;5
7246419;11;18
7246431;11;3
7246434;11;4
7246441;11;10
7246532;11;13
7246614;11;5
7246615;11;9
7246616;11;2
7246617;11;2
7246618;11;4
7246619;11;6
7246696;5;3
7246697;5;5
7246707;5;4
7246713;11;11
7246944;5;15
7246946;5;1
7246948;5;3
7246949;5;8
7246952;5;3
7246953;5;13
7246954;5;4
7246955;5;3
7246956;5;5
7246957;5;3
7246959;5;4
7246960;5;4
7246973;5;8
7246974;5;10
7246975;5;7
7246976;5;5
7246977;5;5
7246978;5;15
7246979;5;9
7246980;5;2
7246983;5;6
7246985;5;4
7246987;5;5
7246990;5;13
7246993;5;7
7246994;5;3
7246998;5;6
7246999;5;6
7247000;5;3
7247001;5;3
7247002;5;5
7247004;5;9
7247009;5;5
7247010;5;10
7247011;5;4
7247047;5;10
7247048;5;3
7247050;5;4
7247053;5;2
7247057;5;11
7247058;5;10
7247061;5;2
7247064;5;8
7247069;5;5
7247074;5;2
7247075;5;5
7247076;5;4
7247077;5;4
7247080;5;4
7247081;5;4
7247082;5;6
7247083;5;4
7247085;5;2
7247089;5;4
7247090;5;5
7247091;5;1
7247092;5;3
7247094;5;4
7247095;5;3
7247103;5;4
7247104;5;7
7247105;5;5
7247107;5;6
7247147;5;1
7247148;5;5
7247158;5;2
7247160;5;4
7247164;5;2
7247181;5;1
7247211;5;4
7247212;5;1
7247213;5;5
7247218;5;10
7247242;5;3
7247243;5;16
7247245;5;9
7247247;5;4